cd_email,cd_funcionario,email,dt_cadastro
7001,1001,isaacribeiro@gmail.com,2022-01-01
7002,1002,anthonycunha@gmail.com,2022-01-02
7003,1003,gustavocavalcanti@gmail.com,2022-01-03
7004,1004,felipecarvalho@gmail.com,2022-01-04
7005,1005,luigioliveira@gmail.com,2022-01-05
7006,1006,rafaelcruz@gmail.com,2022-01-06
7007,1007,nicolasferreira@gmail.com,2022-01-07
7008,1008,arthurmoreira@gmail.com,2022-01-08
7009,1009,luizcarvalho@gmail.com,2022-01-09
7010,1010,diegolima@gmail.com,2022-01-10
7011,1011,sr.rosa@gmail.com,2022-01-11
7012,1012,nicolasnascimento@gmail.com,2022-01-12
7013,1013,paulonascimento@gmail.com,2022-01-13
7014,1014,franciscocosta@gmail.com,2022-01-14
7015,1015,sr.silva@gmail.com,2022-01-15
7016,1016,leonardodias@gmail.com,2022-01-16
7017,1017,thalescosta@gmail.com,2022-01-17
7018,1018,dr.campos@gmail.com,2022-01-18
7019,1019,luizcarvalho@gmail.com,2022-01-19
7020,1020,yuriferreira@gmail.com,2022-01-20
7021,1021,caioneves@gmail.com,2022-01-21
7022,1022,matheusconceição@gmail.com,2022-01-22
7023,1023,pedrobarros@gmail.com,2022-01-23
7024,1024,sr.sales@gmail.com,2022-01-24
7025,1025,ianjesus@gmail.com,2022-01-25
7026,1026,dr.aragão@gmail.com,2022-01-26
7027,1027,gustavoferreira@gmail.com,2022-01-27
7028,1028,joãofarias@gmail.com,2022-01-28
7029,1029,yuricardoso@gmail.com,2022-01-29
7030,1030,leonardocaldeira@gmail.com,2022-01-30
7031,1031,theoribeiro@gmail.com,2022-01-31
7032,1032,pedrobarbosa@gmail.com,2022-02-01
7033,1033,sr.jesus@gmail.com,2022-02-02
7034,1034,leonardooliveira@gmail.com,2022-02-03
7035,1035,dr.jesus@gmail.com,2022-02-04
7036,1036,paulocavalcanti@gmail.com,2022-02-05
7037,1037,lucascardoso@gmail.com,2022-02-06
7038,1038,sr.cunha@gmail.com,2022-02-07
7039,1039,raulbarros@gmail.com,2022-02-08
7040,1040,pedroramos@gmail.com,2022-02-09
7041,1041,murilocastro@gmail.com,2022-02-10
7042,1042,dr.alves@gmail.com,2022-02-11
7043,1043,vitorsantos@gmail.com,2022-02-12
7044,1044,emanuelluz@gmail.com,2022-02-13
7045,1045,sr.farias@gmail.com,2022-02-14
7046,1046,gustavonascimento@gmail.com,2022-02-15
7047,1047,sr.aragão@gmail.com,2022-02-16
7048,1048,juancostela@gmail.com,2022-02-17
7049,1049,alexandrecunha@gmail.com,2022-02-18
7050,1050,nathancampos@gmail.com,2022-02-19
7051,1051,vitormata@gmail.com,2022-02-20
7052,1052,augustocunha@gmail.com,2022-02-21
7053,1053,vitorneves@gmail.com,2022-02-22
7054,1054,luiznascimento@gmail.com,2022-02-23
7055,1055,sr.gomes@gmail.com,2022-02-24
7056,1056,isaacconceição@gmail.com,2022-02-25
7057,1057,lorenzomota@gmail.com,2022-02-26
7058,1058,augustonovaes@gmail.com,2022-02-27
7059,1059,dr.carvalho@gmail.com,2022-02-28
7060,1060,davifogaça@gmail.com,2022-03-01
7061,1061,daviazevedo@gmail.com,2022-03-02
7062,1062,henriquecosta@gmail.com,2022-03-03
7063,1063,luigibarbosa@gmail.com,2022-03-04
7064,1064,joãocruz@gmail.com,2022-03-05
7065,1065,felipeoliveira@gmail.com,2022-03-06
7066,1066,pietropaz@gmail.com,2022-03-07
7067,1067,gustavoalmeida@gmail.com,2022-03-08
7068,1068,heitorcaldeira@gmail.com,2022-03-09
7069,1069,kevincostela@gmail.com,2022-03-10
7070,1070,dr.moraes@gmail.com,2022-03-11
7071,1071,davijesus@gmail.com,2022-03-12
7072,1072,pedrosouza@gmail.com,2022-03-13
7073,1073,sr.rocha@gmail.com,2022-03-14
7074,1074,dr.silveira@gmail.com,2022-03-15
7075,1075,diogosales@gmail.com,2022-03-16
7076,1076,marcosnovaes@gmail.com,2022-03-17
7077,1077,danielaraújo@gmail.com,2022-03-18
7078,1078,diogorezende@gmail.com,2022-03-19
7079,1079,noahjesus@gmail.com,2022-03-20
7080,1080,dr.moraes@gmail.com,2022-03-21
7081,1081,joãomendes@gmail.com,2022-03-22
7082,1082,joãomendes@gmail.com,2022-03-23
7083,1083,enzopeixoto@gmail.com,2022-03-24
7084,1084,cauãaragão@gmail.com,2022-03-25
7085,1085,sr.mendes@gmail.com,2022-03-26
7086,1086,juansilveira@gmail.com,2022-03-27
7087,1087,kaiqueporto@gmail.com,2022-03-28
7088,1088,joãofreitas@gmail.com,2022-03-29
7089,1089,fernandocarvalho@gmail.com,2022-03-30
7090,1090,samuellima@gmail.com,2022-03-31
7091,1091,joãosilveira@gmail.com,2022-04-01
7092,1092,viniciusjesus@gmail.com,2022-04-02
7093,1093,kaiquecruz@gmail.com,2022-04-03
7094,1094,noahcardoso@gmail.com,2022-04-04
7095,1095,matheusmendes@gmail.com,2022-04-05
7096,1096,renanrodrigues@gmail.com,2022-04-06
7097,1097,dr.oliveira@gmail.com,2022-04-07
7098,1098,enricorezende@gmail.com,2022-04-08
7099,1099,pedrocruz@gmail.com,2022-04-09
7100,1100,murilocardoso@gmail.com,2022-04-10
7101,1101,sr.freitas@gmail.com,2022-04-11
7102,1102,dr.correia@gmail.com,2022-04-12
7103,1103,sr.freitas@gmail.com,2022-04-13
7104,1104,theofreitas@gmail.com,2022-04-14
7105,1105,dr.neves@gmail.com,2022-04-15
7106,1106,dr.rocha@gmail.com,2022-04-16
7107,1107,beníciocaldeira@gmail.com,2022-04-17
7108,1108,isaacsouza@gmail.com,2022-04-18
7109,1109,enzocarvalho@gmail.com,2022-04-19
7110,1110,vitormata@gmail.com,2022-04-20
7111,1111,ianlopes@gmail.com,2022-04-21
7112,1112,dr.almeida@gmail.com,2022-04-22
7113,1113,brunopereira@gmail.com,2022-04-23
7114,1114,samuelmoreira@gmail.com,2022-04-24
7115,1115,yurinogueira@gmail.com,2022-04-25
7116,1116,dr.lima@gmail.com,2022-04-26
7117,1117,davibarbosa@gmail.com,2022-04-27
7118,1118,joãomoraes@gmail.com,2022-04-28
7119,1119,dr.moreira@gmail.com,2022-04-29
7120,1120,luizcardoso@gmail.com,2022-04-30
7121,1121,luizrocha@gmail.com,2022-05-01
7122,1122,igorfarias@gmail.com,2022-05-02
7123,1123,dr.conceição@gmail.com,2022-05-03
7124,1124,sr.campos@gmail.com,2022-05-04
7125,1125,vitorpaz@gmail.com,2022-05-05
7126,1126,joãomoraes@gmail.com,2022-05-06
7127,1127,joãogomes@gmail.com,2022-05-07
7128,1128,lorenzomota@gmail.com,2022-05-08
7129,1129,leandroalves@gmail.com,2022-05-09
7130,1130,benícioramos@gmail.com,2022-05-10
7131,1131,leonardovieira@gmail.com,2022-05-11
7132,1132,guilhermefernandes@gmail.com,2022-05-12
7133,1133,joaquimferreira@gmail.com,2022-05-13
7134,1134,leonardocruz@gmail.com,2022-05-14
7135,1135,emanuelgomes@gmail.com,2022-05-15
7136,1136,rafaelazevedo@gmail.com,2022-05-16
7137,1137,cauãnascimento@gmail.com,2022-05-17
7138,1138,enzoporto@gmail.com,2022-05-18
7139,1139,gabrielcunha@gmail.com,2022-05-19
7140,1140,diegonunes@gmail.com,2022-05-20
7141,1141,nicolasbarbosa@gmail.com,2022-05-21
7142,1142,henriquemonteiro@gmail.com,2022-05-22
7143,1143,sr.pinto@gmail.com,2022-05-23
7144,1144,marcospires@gmail.com,2022-05-24
7145,1145,bernardocosta@gmail.com,2022-05-25
7146,1146,dr.alves@gmail.com,2022-05-26
7147,1147,eduardoduarte@gmail.com,2022-05-27
7148,1148,marcosconceição@gmail.com,2022-05-28
7149,1149,luizrocha@gmail.com,2022-05-29
7150,1150,davimendes@gmail.com,2022-05-30
7151,1151,leonardogomes@gmail.com,2022-05-31
7152,1152,joãofarias@gmail.com,2022-06-01
7153,1153,otáviovieira@gmail.com,2022-06-02
7154,1154,sr.aragão@gmail.com,2022-06-03
7155,1155,franciscopires@gmail.com,2022-06-04
7156,1156,dr.martins@gmail.com,2022-06-05
7157,1157,erickmartins@gmail.com,2022-06-06
7158,1158,luizoliveira@gmail.com,2022-06-07
7159,1159,nicolaspaz@gmail.com,2022-06-08
7160,1160,dr.silveira@gmail.com,2022-06-09
7161,1161,thomascaldeira@gmail.com,2022-06-10
7162,1162,luizferreira@gmail.com,2022-06-11
7163,1163,ianrodrigues@gmail.com,2022-06-12
7164,1164,marcelocaldeira@gmail.com,2022-06-13
7165,1165,dr.rocha@gmail.com,2022-06-14
7166,1166,arthurbarbosa@gmail.com,2022-06-15
7167,1167,leonardocardoso@gmail.com,2022-06-16
7168,1168,caiocorreia@gmail.com,2022-06-17
7169,1169,joãolima@gmail.com,2022-06-18
7170,1170,noahdias@gmail.com,2022-06-19
7171,1171,diegooliveira@gmail.com,2022-06-20
7172,1172,pietrocaldeira@gmail.com,2022-06-21
7173,1173,pedrovieira@gmail.com,2022-06-22
7174,1174,augustocaldeira@gmail.com,2022-06-23
7175,1175,luizrocha@gmail.com,2022-06-24
7176,1176,joãovieira@gmail.com,2022-06-25
7177,1177,marcelosilva@gmail.com,2022-06-26
7178,1178,gabrielmoraes@gmail.com,2022-06-27
7179,1179,diegosantos@gmail.com,2022-06-28
7180,1180,miguelcastro@gmail.com,2022-06-29
7181,1181,guilhermecostela@gmail.com,2022-06-30
7182,1182,calebeoliveira@gmail.com,2022-07-01
7183,1183,luizviana@gmail.com,2022-07-02
7184,1184,sr.ferreira@gmail.com,2022-07-03
7185,1185,daviribeiro@gmail.com,2022-07-04
7186,1186,beníciorosa@gmail.com,2022-07-05
7187,1187,dr.costela@gmail.com,2022-07-06
7188,1188,joãoporto@gmail.com,2022-07-07
7189,1189,luizferreira@gmail.com,2022-07-08
7190,1190,dr.gonçalves@gmail.com,2022-07-09
7191,1191,fernandorosa@gmail.com,2022-07-10
7192,1192,vitorpinto@gmail.com,2022-07-11
7193,1193,gustavobarbosa@gmail.com,2022-07-12
7194,1194,davialmeida@gmail.com,2022-07-13
7195,1195,theoconceição@gmail.com,2022-07-14
7196,1196,felipeconceição@gmail.com,2022-07-15
7197,1197,enzomoraes@gmail.com,2022-07-16
7198,1198,thiagomoraes@gmail.com,2022-07-17
7199,1199,marcosalmeida@gmail.com,2022-07-18
7200,1200,pedronascimento@gmail.com,2022-07-19
7201,1201,enricocunha@gmail.com,2022-07-20
7202,1202,joãofarias@gmail.com,2022-07-21
7203,1203,felipealmeida@gmail.com,2022-07-22
7204,1204,joãopereira@gmail.com,2022-07-23
7205,1205,eduardobarros@gmail.com,2022-07-24
7206,1206,brunomoreira@gmail.com,2022-07-25
7207,1207,carloslima@gmail.com,2022-07-26
7208,1208,heitoraraújo@gmail.com,2022-07-27
7209,1209,sr.gomes@gmail.com,2022-07-28
7210,1210,joãorocha@gmail.com,2022-07-29
7211,1211,joãocunha@gmail.com,2022-07-30
7212,1212,davimonteiro@gmail.com,2022-07-31
7213,1213,diegorezende@gmail.com,2022-08-01
7214,1214,sr.almeida@gmail.com,2022-08-02
7215,1215,felipeoliveira@gmail.com,2022-08-03
7216,1216,arthurbarros@gmail.com,2022-08-04
7217,1217,luizteixeira@gmail.com,2022-08-05
7218,1218,danielgonçalves@gmail.com,2022-08-06
7219,1219,rodrigomoura@gmail.com,2022-08-07
7220,1220,emanuelsilva@gmail.com,2022-08-08
7221,1221,leandrorocha@gmail.com,2022-08-09
7222,1222,henriquecosta@gmail.com,2022-08-10
7223,1223,renanviana@gmail.com,2022-08-11
7224,1224,henriquefarias@gmail.com,2022-08-12
7225,1225,eduardocosta@gmail.com,2022-08-13
7226,1226,sr.santos@gmail.com,2022-08-14
7227,1227,joaquimpaz@gmail.com,2022-08-15
7228,1228,guilhermerezende@gmail.com,2022-08-16
7229,1229,cauãbarbosa@gmail.com,2022-08-17
7230,1230,sr.farias@gmail.com,2022-08-18
7231,1231,andrégomes@gmail.com,2022-08-19
7232,1232,yuridias@gmail.com,2022-08-20
7233,1233,yuriconceição@gmail.com,2022-08-21
7234,1234,felipearagão@gmail.com,2022-08-22
7235,1235,yurisouza@gmail.com,2022-08-23
7236,1236,kaiquemata@gmail.com,2022-08-24
7237,1237,pedromonteiro@gmail.com,2022-08-25
7238,1238,leonardocardoso@gmail.com,2022-08-26
7239,1239,dr.fernandes@gmail.com,2022-08-27
7240,1240,joãonovaes@gmail.com,2022-08-28
7241,1241,sr.carvalho@gmail.com,2022-08-29
7242,1242,noahnogueira@gmail.com,2022-08-30
7243,1243,miguelmoreira@gmail.com,2022-08-31
7244,1244,noahsilveira@gmail.com,2022-09-01
7245,1245,sr.araújo@gmail.com,2022-09-02
7246,1246,beníciorezende@gmail.com,2022-09-03
7247,1247,rodrigoaragão@gmail.com,2022-09-04
7248,1248,felipepaz@gmail.com,2022-09-05
7249,1249,luizmendes@gmail.com,2022-09-06
7250,1250,yagocosta@gmail.com,2022-09-07
7251,1251,dr.novaes@gmail.com,2022-09-08
7252,1252,joãofarias@gmail.com,2022-09-09
7253,1253,sr.rocha@gmail.com,2022-09-10
7254,1254,thiagoferreira@gmail.com,2022-09-11
7255,1255,samuelcavalcanti@gmail.com,2022-09-12
7256,1256,pedrogomes@gmail.com,2022-09-13
7257,1257,joãocarvalho@gmail.com,2022-09-14
7258,1258,rodrigomendes@gmail.com,2022-09-15
7259,1259,sr.vieira@gmail.com,2022-09-16
7260,1260,davisilveira@gmail.com,2022-09-17
7261,1261,leandroazevedo@gmail.com,2022-09-18
7262,1262,viniciusalmeida@gmail.com,2022-09-19
7263,1263,theomoraes@gmail.com,2022-09-20
7264,1264,joãogonçalves@gmail.com,2022-09-21
7265,1265,marcelosilva@gmail.com,2022-09-22
7266,1266,anthonycosta@gmail.com,2022-09-23
7267,1267,yagocampos@gmail.com,2022-09-24
7268,1268,joaquimcosta@gmail.com,2022-09-25
7269,1269,gustavolopes@gmail.com,2022-09-26
7270,1270,sr.paz@gmail.com,2022-09-27
7271,1271,dr.sales@gmail.com,2022-09-28
7272,1272,otáviocruz@gmail.com,2022-09-29
7273,1273,dr.barros@gmail.com,2022-09-30
7274,1274,thalesdias@gmail.com,2022-10-01
7275,1275,luccaazevedo@gmail.com,2022-10-02
7276,1276,caleberocha@gmail.com,2022-10-03
7277,1277,bernardopeixoto@gmail.com,2022-10-04
7278,1278,gabrielpinto@gmail.com,2022-10-05
7279,1279,carlosbarros@gmail.com,2022-10-06
7280,1280,diegoribeiro@gmail.com,2022-10-07
7281,1281,gustavoduarte@gmail.com,2022-10-08
7282,1282,gustavopinto@gmail.com,2022-10-09
7283,1283,dr.nascimento@gmail.com,2022-10-10
7284,1284,andréaragão@gmail.com,2022-10-11
7285,1285,noahfarias@gmail.com,2022-10-12
7286,1286,yurirocha@gmail.com,2022-10-13
7287,1287,kaiquebarbosa@gmail.com,2022-10-14
7288,1288,joãorocha@gmail.com,2022-10-15
7289,1289,emanuelnunes@gmail.com,2022-10-16
7290,1290,calebecavalcanti@gmail.com,2022-10-17
7291,1291,joãofogaça@gmail.com,2022-10-18
7292,1292,raulviana@gmail.com,2022-10-19
7293,1293,iansouza@gmail.com,2022-10-20
7294,1294,sr.alves@gmail.com,2022-10-21
7295,1295,pedroribeiro@gmail.com,2022-10-22
7296,1296,leonardoneves@gmail.com,2022-10-23
7297,1297,dr.novaes@gmail.com,2022-10-24
7298,1298,cauãpereira@gmail.com,2022-10-25
7299,1299,henriqueluz@gmail.com,2022-10-26
7300,1300,luizduarte@gmail.com,2022-10-27
7301,1301,davijesus@gmail.com,2022-10-28
7302,1302,carlosmoreira@gmail.com,2022-10-29
7303,1303,yagocruz@gmail.com,2022-10-30
7304,1304,dr.rosa@gmail.com,2022-10-31
7305,1305,igorazevedo@gmail.com,2022-11-01
7306,1306,dr.araújo@gmail.com,2022-11-02
7307,1307,franciscofreitas@gmail.com,2022-11-03
7308,1308,dr.pinto@gmail.com,2022-11-04
7309,1309,andréferreira@gmail.com,2022-11-05
7310,1310,joãoalmeida@gmail.com,2022-11-06
7311,1311,juanalves@gmail.com,2022-11-07
7312,1312,dr.jesus@gmail.com,2022-11-08
7313,1313,kaiqueporto@gmail.com,2022-11-09
7314,1314,pedrosouza@gmail.com,2022-11-10
7315,1315,vitormata@gmail.com,2022-11-11
7316,1316,dr.cunha@gmail.com,2022-11-12
7317,1317,pietrofreitas@gmail.com,2022-11-13
7318,1318,arthurcunha@gmail.com,2022-11-14
7319,1319,ryanaraújo@gmail.com,2022-11-15
7320,1320,sr.nascimento@gmail.com,2022-11-16
7321,1321,felipeferreira@gmail.com,2022-11-17
7322,1322,pauloconceição@gmail.com,2022-11-18
7323,1323,luizmelo@gmail.com,2022-11-19
7324,1324,dr.santos@gmail.com,2022-11-20
7325,1325,theosales@gmail.com,2022-11-21
7326,1326,erickneves@gmail.com,2022-11-22
7327,1327,luizcruz@gmail.com,2022-11-23
7328,1328,felipepaz@gmail.com,2022-11-24
7329,1329,sr.dias@gmail.com,2022-11-25
7330,1330,benjaminmonteiro@gmail.com,2022-11-26
7331,1331,enzoalves@gmail.com,2022-11-27
7332,1332,dr.farias@gmail.com,2022-11-28
7333,1333,luizgonçalves@gmail.com,2022-11-29
7334,1334,antôniomartins@gmail.com,2022-11-30
7335,1335,joãocarvalho@gmail.com,2022-12-01
7336,1336,thalesfreitas@gmail.com,2022-12-02
7337,1337,leonardobarros@gmail.com,2022-12-03
7338,1338,joãocunha@gmail.com,2022-12-04
7339,1339,bernardorezende@gmail.com,2022-12-05
7340,1340,theofernandes@gmail.com,2022-12-06
7341,1341,danilolima@gmail.com,2022-12-07
7342,1342,franciscocosta@gmail.com,2022-12-08
7343,1343,franciscocardoso@gmail.com,2022-12-09
7344,1344,joãomartins@gmail.com,2022-12-10
7345,1345,alexandreazevedo@gmail.com,2022-12-11
7346,1346,thalescosta@gmail.com,2022-12-12
7347,1347,theoteixeira@gmail.com,2022-12-13
7348,1348,enriconascimento@gmail.com,2022-12-14
7349,1349,dr.vieira@gmail.com,2022-12-15
7350,1350,dr.rosa@gmail.com,2022-12-16
7351,1351,dr.gomes@gmail.com,2022-12-17
7352,1352,carloscampos@gmail.com,2022-12-18
7353,1353,marcelorocha@gmail.com,2022-12-19
7354,1354,heitorporto@gmail.com,2022-12-20
7355,1355,levimelo@gmail.com,2022-12-21
7356,1356,enricooliveira@gmail.com,2022-12-22
7357,1357,marcelogonçalves@gmail.com,2022-12-23
7358,1358,luizferreira@gmail.com,2022-12-24
7359,1359,samuelfernandes@gmail.com,2022-12-25
7360,1360,franciscofernandes@gmail.com,2022-12-26
7361,1361,danilocorreia@gmail.com,2022-12-27
7362,1362,anthonycunha@gmail.com,2022-12-28
7363,1363,pedrosilveira@gmail.com,2022-12-29
7364,1364,levisilva@gmail.com,2022-12-30
7365,1365,benjaminpinto@gmail.com,2022-12-31
7366,1366,pedromoraes@gmail.com,2023-01-01
7367,1367,diogoazevedo@gmail.com,2023-01-02
7368,1368,arthurfreitas@gmail.com,2023-01-03
7369,1369,augustocarvalho@gmail.com,2023-01-04
7370,1370,alexandrelima@gmail.com,2023-01-05
7371,1371,joãomoura@gmail.com,2023-01-06
7372,1372,isaacconceição@gmail.com,2023-01-07
7373,1373,dr.freitas@gmail.com,2022-04-02
7374,1374,sr.duarte@gmail.com,2022-04-03
7375,1375,rodrigocardoso@gmail.com,2022-04-04
7376,1376,dr.lima@gmail.com,2022-04-05
7377,1377,sr.conceição@gmail.com,2022-04-06
7378,1378,yurinascimento@gmail.com,2022-04-07
7379,1379,lucasfreitas@gmail.com,2022-04-08
7380,1380,arthurcarvalho@gmail.com,2022-04-09
7381,1381,yagosilveira@gmail.com,2022-04-10
7382,1382,sr.rodrigues@gmail.com,2022-04-11
7383,1383,lucasconceição@gmail.com,2022-04-12
7384,1384,sr.viana@gmail.com,2022-04-13
7385,1385,rafaelmendes@gmail.com,2022-04-14
7386,1386,gustavosilveira@gmail.com,2022-04-15
7387,1387,joãopeixoto@gmail.com,2022-04-16
7388,1388,luizgomes@gmail.com,2022-04-17
7389,1389,caleberamos@gmail.com,2022-04-18
7390,1390,brenocardoso@gmail.com,2022-04-19
7391,1391,dr.paz@gmail.com,2022-04-20
7392,1392,gustavomendes@gmail.com,2022-04-21
7393,1393,dr.araújo@gmail.com,2022-04-22
7394,1394,vicenteviana@gmail.com,2022-04-23
7395,1395,rodrigoferreira@gmail.com,2022-04-24
7396,1396,renanjesus@gmail.com,2022-04-25
7397,1397,eduardofernandes@gmail.com,2022-04-26
7398,1398,benjaminbarros@gmail.com,2022-04-27
7399,1399,dr.sales@gmail.com,2022-04-28
7400,1400,dr.pires@gmail.com,2022-04-29
7401,1401,kaiquemonteiro@gmail.com,2022-04-30
7402,1402,luizcosta@gmail.com,2022-05-01
7403,1403,calebecampos@gmail.com,2022-05-02
7404,1404,rafaelcardoso@gmail.com,2022-05-03
7405,1405,pedroluz@gmail.com,2022-05-04
7406,1406,dr.porto@gmail.com,2022-05-05
7407,1407,lucaspinto@gmail.com,2022-05-06
7408,1408,bernardomonteiro@gmail.com,2022-05-07
7409,1409,dr.neves@gmail.com,2022-05-08
7410,1410,dr.oliveira@gmail.com,2022-05-09
7411,1411,levicardoso@gmail.com,2022-05-10
7412,1412,paulocorreia@gmail.com,2022-05-11
7413,1413,sr.mota@gmail.com,2022-05-12
7414,1414,luccalima@gmail.com,2022-05-13
7415,1415,arthuraraújo@gmail.com,2022-05-14
7416,1416,erickramos@gmail.com,2022-05-15
7417,1417,lucaspires@gmail.com,2022-05-16
7418,1418,rodrigofernandes@gmail.com,2022-05-17
7419,1419,joãocarvalho@gmail.com,2022-05-18
7420,1420,dr.fernandes@gmail.com,2022-05-19
7421,1421,diegoneves@gmail.com,2022-05-20
7422,1422,dr.peixoto@gmail.com,2022-05-21
7423,1423,joãoazevedo@gmail.com,2022-05-22
7424,1424,eduardobarbosa@gmail.com,2022-05-23
7425,1425,kaiquerocha@gmail.com,2022-05-24
7426,1426,dr.santos@gmail.com,2022-05-25
7427,1427,theoconceição@gmail.com,2022-05-26
7428,1428,thiagogomes@gmail.com,2022-05-27
7429,1429,joãomendes@gmail.com,2022-05-28
7430,1430,thomasrezende@gmail.com,2022-05-29
7431,1431,joãoalmeida@gmail.com,2022-05-30
7432,1432,davilopes@gmail.com,2022-05-31
7433,1433,sr.cavalcanti@gmail.com,2022-06-01
7434,1434,kaiquecastro@gmail.com,2022-06-02
7435,1435,dr.lima@gmail.com,2022-06-03
7436,1436,joãooliveira@gmail.com,2022-06-04
7437,1437,diogocosta@gmail.com,2022-06-05
7438,1438,pedrooliveira@gmail.com,2022-06-06
7439,1439,otávioteixeira@gmail.com,2022-06-07
7440,1440,sr.moura@gmail.com,2022-06-08
7441,1441,kevinnunes@gmail.com,2022-06-09
7442,1442,pietroaragão@gmail.com,2022-06-10
7443,1443,pedrosouza@gmail.com,2022-06-11
7444,1444,danielpeixoto@gmail.com,2022-06-12
7445,1445,luizcorreia@gmail.com,2022-06-13
7446,1446,calebeneves@gmail.com,2022-06-14
7447,1447,joãocruz@gmail.com,2022-06-15
7448,1448,bryanfreitas@gmail.com,2022-06-16
7449,1449,sr.caldeira@gmail.com,2022-06-17
7450,1450,luizmartins@gmail.com,2022-06-27
7451,1451,dr.gomes@gmail.com,2022-06-28
7452,1452,caiovieira@gmail.com,2022-06-29
7453,1453,joãogomes@gmail.com,2022-06-30
7454,1454,calebecardoso@gmail.com,2022-07-01
7455,1455,bernardojesus@gmail.com,2022-07-02
7456,1456,luizcruz@gmail.com,2022-07-03
7457,1457,thomassales@gmail.com,2022-07-04
7458,1458,cauãcunha@gmail.com,2022-07-05
7459,1459,dr.lima@gmail.com,2022-07-06
7460,1460,guilhermepereira@gmail.com,2022-07-07
7461,1461,daviribeiro@gmail.com,2022-07-08
7462,1462,cauêsantos@gmail.com,2022-07-09
7463,1463,enricosouza@gmail.com,2022-07-10
7464,1464,joãomoraes@gmail.com,2022-07-11
7465,1465,franciscoferreira@gmail.com,2022-07-12
7466,1466,joãocruz@gmail.com,2022-07-13
7467,1467,kaiquerocha@gmail.com,2022-07-14
7468,1468,gabrielaraújo@gmail.com,2022-07-15
7469,1469,dr.alves@gmail.com,2022-07-16
7470,1470,danilorodrigues@gmail.com,2022-07-17
7471,1471,sr.cavalcanti@gmail.com,2022-07-18
7472,1472,thomascaldeira@gmail.com,2022-07-19
7473,1473,antôniomonteiro@gmail.com,2022-07-20
7474,1474,joãomendes@gmail.com,2022-07-21
7475,1475,thomasfogaça@gmail.com,2022-07-22
7476,1476,igoraraújo@gmail.com,2022-07-23
7477,1477,dr.almeida@gmail.com,2022-07-24
7478,1478,sr.correia@gmail.com,2022-07-25
7479,1479,diogoaragão@gmail.com,2022-07-26
7480,1480,benjamincavalcanti@gmail.com,2022-07-27
7481,1481,pedroaraújo@gmail.com,2022-07-28
7482,1482,calebecaldeira@gmail.com,2022-07-29
7483,1483,luizbarbosa@gmail.com,2022-07-30
7484,1484,gustavopereira@gmail.com,2022-07-31
7485,1485,ianconceição@gmail.com,2022-08-01
7486,1486,vitorcarvalho@gmail.com,2022-08-02
7487,1487,benjamincosta@gmail.com,2022-08-03
7488,1488,diogoribeiro@gmail.com,2022-08-04
7489,1489,sr.almeida@gmail.com,2022-08-05
7490,1490,otáviopaz@gmail.com,2022-08-06
7491,1491,luizviana@gmail.com,2022-08-07
7492,1492,vitorgomes@gmail.com,2022-08-08
7493,1493,isaacpereira@gmail.com,2022-08-09
7494,1494,dr.monteiro@gmail.com,2022-08-10
7495,1495,gustavocunha@gmail.com,2022-08-11
7496,1496,ianmoraes@gmail.com,2022-08-12
7497,1497,bryanrodrigues@gmail.com,2022-08-13
7498,1498,vitorconceição@gmail.com,2022-08-14
7499,1499,raulcunha@gmail.com,2022-08-15
7500,1500,joãolopes@gmail.com,2022-08-16
7501,1501,marcelasales@gmail.com,2022-08-17
7502,1502,catarinarezende@gmail.com,2022-08-18
7503,1503,agathasilva@gmail.com,2022-08-19
7504,1504,yasminaragão@gmail.com,2022-08-20
7505,1505,marialuz@gmail.com,2022-08-21
7506,1506,milenasantos@gmail.com,2022-08-22
7507,1507,sarahfernandes@gmail.com,2022-08-23
7508,1508,lararocha@gmail.com,2022-08-24
7509,1509,mariapaz@gmail.com,2022-08-25
7510,1510,giovannarodrigues@gmail.com,2022-08-26
7511,1511,marianecorreia@gmail.com,2022-08-27
7512,1512,pietraramos@gmail.com,2022-08-28
7513,1513,alíciarocha@gmail.com,2022-08-29
7514,1514,sophieramos@gmail.com,2022-08-30
7515,1515,danielarocha@gmail.com,2022-08-31
7516,1516,claricealmeida@gmail.com,2022-09-01
7517,1517,maitêpereira@gmail.com,2022-09-02
7518,1518,julianafogaça@gmail.com,2022-09-03
7519,1519,maitêsantos@gmail.com,2022-09-04
7520,1520,agathasilveira@gmail.com,2022-09-05
7521,1521,heloísaconceição@gmail.com,2022-09-06
7522,1522,ananovaes@gmail.com,2022-09-07
7523,1523,sabrinaaraújo@gmail.com,2022-09-08
7524,1524,alanaaraújo@gmail.com,2022-09-09
7525,1525,mariaaragão@gmail.com,2022-09-10
7526,1526,fernandacorreia@gmail.com,2022-09-11
7527,1527,brunaaraújo@gmail.com,2022-09-12
7528,1528,srta.mendes@gmail.com,2022-09-13
7529,1529,vitóriafogaça@gmail.com,2022-09-14
7530,1530,oliviamelo@gmail.com,2022-09-15
7531,1531,anateixeira@gmail.com,2022-09-16
7532,1532,sofiafarias@gmail.com,2022-09-17
7533,1533,júlianovaes@gmail.com,2022-09-18
7534,1534,agathagomes@gmail.com,2022-09-19
7535,1535,lunacampos@gmail.com,2022-09-20
7536,1536,lavínianunes@gmail.com,2022-09-21
7537,1537,marianovaes@gmail.com,2022-09-22
7538,1538,camilacunha@gmail.com,2022-09-23
7539,1539,laíscorreia@gmail.com,2022-09-24
7540,1540,clariceferreira@gmail.com,2022-09-25
7541,1541,isisfogaça@gmail.com,2022-09-26
7542,1542,srta.almeida@gmail.com,2022-09-27
7543,1543,heloísalopes@gmail.com,2022-09-28
7544,1544,dra.sales@gmail.com,2022-09-29
7545,1545,eloahcaldeira@gmail.com,2022-09-30
7546,1546,emillycorreia@gmail.com,2022-10-01
7547,1547,mariacunha@gmail.com,2022-10-02
7548,1548,marinapeixoto@gmail.com,2022-10-03
7549,1549,emanuellasilva@gmail.com,2022-10-04
7550,1550,anaconceição@gmail.com,2022-10-05
7551,1551,julianamendes@gmail.com,2022-10-06
7552,1552,gabriellyfreitas@gmail.com,2022-10-07
7553,1553,eloahcunha@gmail.com,2022-10-08
7554,1554,raquelcunha@gmail.com,2022-10-09
7555,1555,eloahporto@gmail.com,2022-10-10
7556,1556,clararamos@gmail.com,2022-10-11
7557,1557,alíciarodrigues@gmail.com,2022-10-12
7558,1558,eloahazevedo@gmail.com,2022-10-13
7559,1559,mariaduarte@gmail.com,2022-10-14
7560,1560,pietrajesus@gmail.com,2022-10-15
7561,1561,laurapires@gmail.com,2022-10-16
7562,1562,líviacampos@gmail.com,2022-10-17
7563,1563,alíciarocha@gmail.com,2022-10-18
7564,1564,anaalmeida@gmail.com,2022-10-19
7565,1565,maitêcunha@gmail.com,2022-10-20
7566,1566,evelynrodrigues@gmail.com,2022-10-21
7567,1567,mariaribeiro@gmail.com,2022-10-22
7568,1568,júliateixeira@gmail.com,2022-10-23
7569,1569,marianemendes@gmail.com,2022-10-24
7570,1570,milenamonteiro@gmail.com,2022-10-25
7571,1571,manuelaviana@gmail.com,2022-10-26
7572,1572,raquelcavalcanti@gmail.com,2022-10-27
7573,1573,heloísamata@gmail.com,2022-10-28
7574,1574,alíciamoura@gmail.com,2022-10-29
7575,1575,evelynalves@gmail.com,2022-10-30
7576,1576,natáliacruz@gmail.com,2022-10-31
7577,1577,lavíniarosa@gmail.com,2022-11-01
7578,1578,larasilva@gmail.com,2022-11-02
7579,1579,claricepereira@gmail.com,2022-11-03
7580,1580,srta.nogueira@gmail.com,2022-11-04
7581,1581,mariaporto@gmail.com,2022-11-05
7582,1582,sophiacarvalho@gmail.com,2022-11-06
7583,1583,anacardoso@gmail.com,2022-11-07
7584,1584,mariasantos@gmail.com,2022-11-08
7585,1585,luanamoraes@gmail.com,2022-11-09
7586,1586,carolinelopes@gmail.com,2022-11-10
7587,1587,gabrielacostela@gmail.com,2022-11-11
7588,1588,sra.rocha@gmail.com,2022-11-12
7589,1589,srta.viana@gmail.com,2022-11-13
7590,1590,yasminalves@gmail.com,2022-11-14
7591,1591,bárbaraneves@gmail.com,2022-11-15
7592,1592,brunamoura@gmail.com,2022-11-16
7593,1593,rebecapinto@gmail.com,2022-11-17
7594,1594,emanuellycostela@gmail.com,2022-11-18
7595,1595,mariacastro@gmail.com,2022-11-19
7596,1596,luizaaraújo@gmail.com,2022-11-20
7597,1597,mariateixeira@gmail.com,2022-11-21
7598,1598,ninadias@gmail.com,2022-11-22
7599,1599,julianasilva@gmail.com,2022-11-23
7600,1600,beatrizviana@gmail.com,2022-11-24
7601,1601,alexiaconceição@gmail.com,2022-11-25
7602,1602,mariamelo@gmail.com,2022-11-26
7603,1603,anacavalcanti@gmail.com,2022-11-27
7604,1604,sra.neves@gmail.com,2022-11-28
7605,1605,dra.pinto@gmail.com,2022-11-29
7606,1606,brendanunes@gmail.com,2022-11-30
7607,1607,anamata@gmail.com,2022-12-01
7608,1608,juliaazevedo@gmail.com,2022-12-02
7609,1609,eduardacorreia@gmail.com,2022-12-03
7610,1610,srta.silva@gmail.com,2022-12-04
7611,1611,anateixeira@gmail.com,2022-12-05
7612,1612,emanuellycunha@gmail.com,2022-12-06
7613,1613,lauramata@gmail.com,2022-12-07
7614,1614,anaoliveira@gmail.com,2022-12-08
7615,1615,carolinacosta@gmail.com,2022-12-09
7616,1616,anarocha@gmail.com,2022-12-10
7617,1617,vitórianovaes@gmail.com,2022-12-11
7618,1618,stephanyrocha@gmail.com,2022-12-12
7619,1619,lavíniaduarte@gmail.com,2022-12-13
7620,1620,amandamoraes@gmail.com,2022-12-14
7621,1621,mariapereira@gmail.com,2022-12-15
7622,1622,claricemelo@gmail.com,2022-12-16
7623,1623,isabelduarte@gmail.com,2022-12-17
7624,1624,mariacampos@gmail.com,2022-12-18
7625,1625,alíciadias@gmail.com,2022-12-19
7626,1626,lauracavalcanti@gmail.com,2022-12-20
7627,1627,mariacavalcanti@gmail.com,2022-12-21
7628,1628,amandarocha@gmail.com,2022-12-22
7629,1629,laísoliveira@gmail.com,2022-12-23
7630,1630,julianarodrigues@gmail.com,2022-12-24
7631,1631,kamillyconceição@gmail.com,2022-12-25
7632,1632,biancalima@gmail.com,2022-12-26
7633,1633,mariadias@gmail.com,2022-12-27
7634,1634,sra.peixoto@gmail.com,2022-12-28
7635,1635,lunasilva@gmail.com,2022-12-29
7636,1636,melissapaz@gmail.com,2022-12-30
7637,1637,isabelmartins@gmail.com,2022-12-31
7638,1638,marcelacostela@gmail.com,2023-01-01
7639,1639,carolinesilva@gmail.com,2023-01-02
7640,1640,mariaribeiro@gmail.com,2023-01-03
7641,1641,heloísaneves@gmail.com,2023-01-04
7642,1642,alicealmeida@gmail.com,2023-01-05
7643,1643,elisasilva@gmail.com,2023-01-06
7644,1644,mariaribeiro@gmail.com,2023-01-07
7645,1645,lauracarvalho@gmail.com,2022-04-02
7646,1646,valentinaoliveira@gmail.com,2022-04-03
7647,1647,stellamota@gmail.com,2022-04-04
7648,1648,nicolemata@gmail.com,2022-04-05
7649,1649,emanuellasouza@gmail.com,2022-04-06
7650,1650,anajesus@gmail.com,2022-04-07
7651,1651,sra.farias@gmail.com,2022-04-08
7652,1652,camilamota@gmail.com,2022-04-09
7653,1653,analima@gmail.com,2022-04-10
7654,1654,mariamata@gmail.com,2022-04-11
7655,1655,júliacunha@gmail.com,2022-04-12
7656,1656,maysamartins@gmail.com,2022-04-13
7657,1657,mariacosta@gmail.com,2022-04-14
7658,1658,claricenovaes@gmail.com,2022-04-15
7659,1659,anacardoso@gmail.com,2022-04-16
7660,1660,alexiaaraújo@gmail.com,2022-04-17
7661,1661,srta.pires@gmail.com,2022-04-18
7662,1662,carolinaluz@gmail.com,2022-04-19
7663,1663,carolinecampos@gmail.com,2022-04-20
7664,1664,mariamelo@gmail.com,2022-04-21
7665,1665,sophiacorreia@gmail.com,2022-04-22
7666,1666,mariapeixoto@gmail.com,2022-04-23
7667,1667,isadorasales@gmail.com,2022-04-24
7668,1668,manuelamata@gmail.com,2022-04-25
7669,1669,stephanyvieira@gmail.com,2022-04-26
7670,1670,milenalima@gmail.com,2022-04-27
7671,1671,mirellagomes@gmail.com,2022-04-28
7672,1672,isabelpereira@gmail.com,2022-04-29
7673,1673,srta.rocha@gmail.com,2022-04-30
7674,1674,júlianovaes@gmail.com,2022-05-01
7675,1675,rebecaoliveira@gmail.com,2022-05-02
7676,1676,melissanunes@gmail.com,2022-05-03
7677,1677,srta.costela@gmail.com,2022-05-04
7678,1678,agathajesus@gmail.com,2022-05-05
7679,1679,mariaribeiro@gmail.com,2022-05-06
7680,1680,júliacosta@gmail.com,2022-05-07
7681,1681,camilaaragão@gmail.com,2022-05-08
7682,1682,joanacardoso@gmail.com,2022-05-09
7683,1683,anacorreia@gmail.com,2022-05-10
7684,1684,anafernandes@gmail.com,2022-05-11
7685,1685,alíciacastro@gmail.com,2022-05-12
7686,1686,dra.monteiro@gmail.com,2022-05-13
7687,1687,maysapires@gmail.com,2022-05-14
7688,1688,alicepires@gmail.com,2022-05-15
7689,1689,mariamata@gmail.com,2022-05-16
7690,1690,mariafogaça@gmail.com,2022-05-17
7691,1691,carolinecosta@gmail.com,2022-05-18
7692,1692,giovannapires@gmail.com,2022-05-19
7693,1693,yasmingomes@gmail.com,2022-05-20
7694,1694,lorenamoura@gmail.com,2022-05-21
7695,1695,clararamos@gmail.com,2022-05-22
7696,1696,mariasouza@gmail.com,2022-05-23
7697,1697,dra.luz@gmail.com,2022-05-24
7698,1698,giovannaramos@gmail.com,2022-05-25
7699,1699,evelyncruz@gmail.com,2022-05-26
7700,1700,heloísacorreia@gmail.com,2022-05-27
7701,1701,isislima@gmail.com,2022-05-28
7702,1702,maitêcostela@gmail.com,2022-05-29
7703,1703,vitóriagonçalves@gmail.com,2022-05-30
7704,1704,rebecarezende@gmail.com,2022-05-31
7705,1705,dra.mota@gmail.com,2022-06-01
7706,1706,claracruz@gmail.com,2022-06-02
7707,1707,manuelacardoso@gmail.com,2022-06-03
7708,1708,maysanunes@gmail.com,2022-06-04
7709,1709,anaalmeida@gmail.com,2022-06-05
7710,1710,anajesus@gmail.com,2022-06-06
7711,1711,marinaribeiro@gmail.com,2022-06-07
7712,1712,gabriellymonteiro@gmail.com,2022-06-08
7713,1713,valentinafarias@gmail.com,2022-06-09
7714,1714,sra.caldeira@gmail.com,2022-06-10
7715,1715,dra.pires@gmail.com,2022-06-11
7716,1716,mariarodrigues@gmail.com,2022-06-12
7717,1717,mariarocha@gmail.com,2022-06-13
7718,1718,sra.duarte@gmail.com,2022-06-14
7719,1719,claracorreia@gmail.com,2022-06-15
7720,1720,dra.correia@gmail.com,2022-06-16
7721,1721,larissaaragão@gmail.com,2022-06-17
7722,1722,mariarocha@gmail.com,2022-06-27
7723,1723,marianacarvalho@gmail.com,2022-06-28
7724,1724,agatharocha@gmail.com,2022-06-29
7725,1725,gabrielaferreira@gmail.com,2022-06-30
7726,1726,valentinarocha@gmail.com,2022-07-01
7727,1727,alanasouza@gmail.com,2022-07-02
7728,1728,anaalmeida@gmail.com,2022-07-03
7729,1729,sofialuz@gmail.com,2022-07-04
7730,1730,ninafernandes@gmail.com,2022-07-05
7731,1731,larissacunha@gmail.com,2022-07-06
7732,1732,sra.fernandes@gmail.com,2022-07-07
7733,1733,raquelrocha@gmail.com,2022-07-08
7734,1734,mariabarros@gmail.com,2022-07-09
7735,1735,emanuellamonteiro@gmail.com,2022-07-10
7736,1736,dra.souza@gmail.com,2022-07-11
7737,1737,agathamata@gmail.com,2022-07-12
7738,1738,srta.nascimento@gmail.com,2022-07-13
7739,1739,mariaconceição@gmail.com,2022-07-14
7740,1740,ananogueira@gmail.com,2022-07-15
7741,1741,anaaraújo@gmail.com,2022-07-16
7742,1742,anamata@gmail.com,2022-07-17
7743,1743,alicecarvalho@gmail.com,2022-07-18
7744,1744,sarahgomes@gmail.com,2022-07-19
7745,1745,anagomes@gmail.com,2022-07-20
7746,1746,laurabarros@gmail.com,2022-07-21
7747,1747,sra.mendes@gmail.com,2022-07-22
7748,1748,rebecamoraes@gmail.com,2022-07-23
7749,1749,pietraalmeida@gmail.com,2022-07-24
7750,1750,bárbaramota@gmail.com,2022-07-25
7751,1751,dra.martins@gmail.com,2022-07-26
7752,1752,emanuellygonçalves@gmail.com,2022-07-27
7753,1753,srta.souza@gmail.com,2022-07-28
7754,1754,anasilva@gmail.com,2022-07-29
7755,1755,anasilveira@gmail.com,2022-07-30
7756,1756,gabriellyneves@gmail.com,2022-07-31
7757,1757,sra.farias@gmail.com,2022-08-01
7758,1758,srta.moura@gmail.com,2022-08-02
7759,1759,sra.carvalho@gmail.com,2022-08-03
7760,1760,sophiacruz@gmail.com,2022-08-04
7761,1761,natáliabarros@gmail.com,2022-08-05
7762,1762,sra.costa@gmail.com,2022-08-06
7763,1763,catarinasales@gmail.com,2022-08-07
7764,1764,letíciasilveira@gmail.com,2022-08-08
7765,1765,brunadias@gmail.com,2022-08-09
7766,1766,dra.ferreira@gmail.com,2022-08-10
7767,1767,raquelmata@gmail.com,2022-08-11
7768,1768,maysanogueira@gmail.com,2022-08-12
7769,1769,lorenaaraújo@gmail.com,2022-08-13
7770,1770,mariapereira@gmail.com,2022-08-14
7771,1771,alicesouza@gmail.com,2022-08-15
7772,1772,anasales@gmail.com,2022-08-16
7773,1773,sabrinapereira@gmail.com,2022-08-17
7774,1774,sofiarosa@gmail.com,2022-08-18
7775,1775,lavíniaporto@gmail.com,2022-08-19
7776,1776,cecíliaribeiro@gmail.com,2022-08-20
7777,1777,alexiaferreira@gmail.com,2022-08-21
7778,1778,anacunha@gmail.com,2022-08-22
7779,1779,marcelateixeira@gmail.com,2022-08-23
7780,1780,evelynmota@gmail.com,2022-08-24
7781,1781,sra.fogaça@gmail.com,2022-08-25
7782,1782,maitêcardoso@gmail.com,2022-08-26
7783,1783,gabriellysantos@gmail.com,2022-08-27
7784,1784,raquelsantos@gmail.com,2022-08-28
7785,1785,vitóriamata@gmail.com,2022-08-29
7786,1786,bárbararodrigues@gmail.com,2022-08-30
7787,1787,sra.almeida@gmail.com,2022-08-31
7788,1788,mariapereira@gmail.com,2022-09-01
7789,1789,melissaconceição@gmail.com,2022-09-02
7790,1790,nicolenovaes@gmail.com,2022-09-03
7791,1791,luanaviana@gmail.com,2022-09-04
7792,1792,melissacostela@gmail.com,2022-09-05
7793,1793,claricemelo@gmail.com,2022-09-06
7794,1794,sra.duarte@gmail.com,2022-09-07
7795,1795,srta.gomes@gmail.com,2022-09-08
7796,1796,alanaalmeida@gmail.com,2022-09-09
7797,1797,stephanysilva@gmail.com,2022-09-10
7798,1798,srta.rocha@gmail.com,2022-09-11
7799,1799,marinamartins@gmail.com,2022-09-12
7800,1800,valentinacostela@gmail.com,2022-09-13
7801,1801,sra.rosa@gmail.com,2022-09-14
7802,1802,mariagomes@gmail.com,2022-09-15
7803,1803,lavíniamelo@gmail.com,2022-09-16
7804,1804,srta.freitas@gmail.com,2022-09-17
7805,1805,marianovaes@gmail.com,2022-09-18
7806,1806,agathavieira@gmail.com,2022-09-19
7807,1807,mariaporto@gmail.com,2022-09-20
7808,1808,anamendes@gmail.com,2022-09-21
7809,1809,mariavieira@gmail.com,2022-09-22
7810,1810,pietracardoso@gmail.com,2022-09-23
7811,1811,giovannanovaes@gmail.com,2022-09-24
7812,1812,sabrinaalves@gmail.com,2022-09-25
7813,1813,carolinaneves@gmail.com,2022-09-26
7814,1814,cecíliacunha@gmail.com,2022-09-27
7815,1815,júliacostela@gmail.com,2022-09-28
7816,1816,stellacampos@gmail.com,2022-09-29
7817,1817,anamata@gmail.com,2022-09-30
7818,1818,sra.alves@gmail.com,2022-10-01
7819,1819,marcelaoliveira@gmail.com,2022-10-02
7820,1820,valentinapaz@gmail.com,2022-10-03
7821,1821,isabellaazevedo@gmail.com,2022-10-04
7822,1822,anasilveira@gmail.com,2022-10-05
7823,1823,brendamota@gmail.com,2022-10-06
7824,1824,sra.rocha@gmail.com,2022-10-07
7825,1825,giovannaconceição@gmail.com,2022-10-08
7826,1826,mariasilva@gmail.com,2022-10-09
7827,1827,isadoramonteiro@gmail.com,2022-10-10
7828,1828,sra.ferreira@gmail.com,2022-10-11
7829,1829,mariacunha@gmail.com,2022-10-12
7830,1830,rafaelamelo@gmail.com,2022-10-13
7831,1831,beatrizcardoso@gmail.com,2022-10-14
7832,1832,ninamonteiro@gmail.com,2022-10-15
7833,1833,srta.pinto@gmail.com,2022-10-16
7834,1834,mariamoura@gmail.com,2022-10-17
7835,1835,mariacunha@gmail.com,2022-10-18
7836,1836,srta.carvalho@gmail.com,2022-10-19
7837,1837,sophielopes@gmail.com,2022-10-20
7838,1838,letíciarosa@gmail.com,2022-10-21
7839,1839,rafaelavieira@gmail.com,2022-10-22
7840,1840,luizamelo@gmail.com,2022-10-23
7841,1841,maitêgomes@gmail.com,2022-10-24
7842,1842,letíciamoreira@gmail.com,2022-10-25
7843,1843,giovannacunha@gmail.com,2022-10-26
7844,1844,raquelcunha@gmail.com,2022-10-27
7845,1845,esthercardoso@gmail.com,2022-10-28
7846,1846,milenabarros@gmail.com,2022-10-29
7847,1847,raquelmoreira@gmail.com,2022-10-30
7848,1848,anapeixoto@gmail.com,2022-10-31
7849,1849,fernandapaz@gmail.com,2022-11-01
7850,1850,anasilveira@gmail.com,2022-11-02
7851,1851,alicepinto@gmail.com,2022-11-03
7852,1852,srta.ferreira@gmail.com,2022-11-04
7853,1853,laísfarias@gmail.com,2022-11-05
7854,1854,marcelasouza@gmail.com,2022-11-06
7855,1855,marialopes@gmail.com,2022-11-07
7856,1856,helenafreitas@gmail.com,2022-11-08
7857,1857,líviamoraes@gmail.com,2022-11-09
7858,1858,sabrinamota@gmail.com,2022-11-10
7859,1859,mariacardoso@gmail.com,2022-11-11
7860,1860,isabelmonteiro@gmail.com,2022-11-12
7861,1861,mariajesus@gmail.com,2022-11-13
7862,1862,anapereira@gmail.com,2022-11-14
7863,1863,isadoraoliveira@gmail.com,2022-11-15
7864,1864,srta.rezende@gmail.com,2022-11-16
7865,1865,srta.vieira@gmail.com,2022-11-17
7866,1866,oliviasilva@gmail.com,2022-11-18
7867,1867,maitêmoreira@gmail.com,2022-11-19
7868,1868,pietranunes@gmail.com,2022-11-20
7869,1869,milenaaragão@gmail.com,2022-11-21
7870,1870,amandafernandes@gmail.com,2022-11-22
7871,1871,mariamoraes@gmail.com,2022-11-23
7872,1872,alicecardoso@gmail.com,2022-11-24
7873,1873,alicecorreia@gmail.com,2022-11-25
7874,1874,valentinamata@gmail.com,2022-11-26
7875,1875,maitêviana@gmail.com,2022-11-27
7876,1876,ananascimento@gmail.com,2022-11-28
7877,1877,analima@gmail.com,2022-11-29
7878,1878,sophieconceição@gmail.com,2022-11-30
7879,1879,mariarezende@gmail.com,2022-12-01
7880,1880,emanuellasouza@gmail.com,2022-12-02
7881,1881,amandasantos@gmail.com,2022-12-03
7882,1882,ninamonteiro@gmail.com,2022-12-04
7883,1883,marinaneves@gmail.com,2022-12-05
7884,1884,mariapereira@gmail.com,2022-12-06
7885,1885,anamata@gmail.com,2022-12-07
7886,1886,mariamonteiro@gmail.com,2022-12-08
7887,1887,marcelacarvalho@gmail.com,2022-12-09
7888,1888,mariabarbosa@gmail.com,2022-12-10
7889,1889,marianacruz@gmail.com,2022-12-11
7890,1890,stephanyrocha@gmail.com,2022-12-12
7891,1891,júliacastro@gmail.com,2022-12-13
7892,1892,eloahcardoso@gmail.com,2022-12-14
7893,1893,rebecapeixoto@gmail.com,2022-12-15
7894,1894,isadoraribeiro@gmail.com,2022-12-16
7895,1895,anaconceição@gmail.com,2022-12-17
7896,1896,srta.moreira@gmail.com,2022-12-18
7897,1897,gabrielaazevedo@gmail.com,2022-12-19
7898,1898,agathapaz@gmail.com,2022-12-20
7899,1899,mariacruz@gmail.com,2022-12-21
7900,1900,milenacostela@gmail.com,2022-12-22
7901,1901,dra.barbosa@gmail.com,2022-12-23
7902,1902,srta.ferreira@gmail.com,2022-12-24
7903,1903,mariaramos@gmail.com,2022-12-25
7904,1904,líviapeixoto@gmail.com,2022-12-26
7905,1905,carolinapaz@gmail.com,2022-12-27
7906,1906,bárbarasouza@gmail.com,2022-12-28
7907,1907,emanuellyteixeira@gmail.com,2022-12-29
7908,1908,anagomes@gmail.com,2022-12-30
7909,1909,anamoraes@gmail.com,2022-12-31
7910,1910,srta.rodrigues@gmail.com,2023-01-01
7911,1911,anasouza@gmail.com,2023-01-02
7912,1912,srta.gonçalves@gmail.com,2023-01-03
7913,1913,biancaazevedo@gmail.com,2023-01-04
7914,1914,alexiacampos@gmail.com,2023-01-05
7915,1915,srta.santos@gmail.com,2023-01-06
7916,1916,luanapires@gmail.com,2023-01-07
7917,1917,mariaaraújo@gmail.com,2022-04-02
7918,1918,dra.rocha@gmail.com,2022-04-03
7919,1919,anaporto@gmail.com,2022-04-04
7920,1920,isabellacorreia@gmail.com,2022-04-05
7921,1921,estherjesus@gmail.com,2022-04-06
7922,1922,mariabarbosa@gmail.com,2022-04-07
7923,1923,srta.silveira@gmail.com,2022-04-08
7924,1924,marinarezende@gmail.com,2022-04-09
7925,1925,ninanogueira@gmail.com,2022-04-10
7926,1926,mariamelo@gmail.com,2022-04-11
7927,1927,mariarocha@gmail.com,2022-04-12
7928,1928,srta.rezende@gmail.com,2022-04-13
7929,1929,juliarezende@gmail.com,2022-04-14
7930,1930,lavíniarodrigues@gmail.com,2022-04-15
7931,1931,mariamendes@gmail.com,2022-04-16
7932,1932,rafaelafogaça@gmail.com,2022-04-17
7933,1933,julialuz@gmail.com,2022-04-18
7934,1934,rafaeladuarte@gmail.com,2022-04-19
7935,1935,emillycaldeira@gmail.com,2022-04-20
7936,1936,maitêsouza@gmail.com,2022-04-21
7937,1937,sabrinamoreira@gmail.com,2022-04-22
7938,1938,brunaribeiro@gmail.com,2022-04-23
7939,1939,dra.monteiro@gmail.com,2022-04-24
7940,1940,joanacastro@gmail.com,2022-04-25
7941,1941,mirellaluz@gmail.com,2022-04-26
7942,1942,catarinaoliveira@gmail.com,2022-04-27
7943,1943,amandaporto@gmail.com,2022-04-28
7944,1944,sra.farias@gmail.com,2022-04-29
7945,1945,helenaoliveira@gmail.com,2022-04-30
7946,1946,juliacostela@gmail.com,2022-05-01
7947,1947,maitêfreitas@gmail.com,2022-05-02
7948,1948,sabrinamendes@gmail.com,2022-05-03
7949,1949,stephanyaragão@gmail.com,2022-05-04
7950,1950,alanamoreira@gmail.com,2022-05-05
7951,1951,manuelafogaça@gmail.com,2022-05-06
7952,1952,sophieluz@gmail.com,2022-05-07
7953,1953,mariacruz@gmail.com,2022-05-08
7954,1954,oliviaconceição@gmail.com,2022-05-09
7955,1955,julianapinto@gmail.com,2022-05-10
7956,1956,srta.araújo@gmail.com,2022-05-11
7957,1957,melissaduarte@gmail.com,2022-05-12
7958,1958,dra.oliveira@gmail.com,2022-05-13
7959,1959,yasminpinto@gmail.com,2022-05-14
7960,1960,marcelanogueira@gmail.com,2022-05-15
7961,1961,letíciaferreira@gmail.com,2022-05-16
7962,1962,sra.caldeira@gmail.com,2022-05-17
7963,1963,alíciaduarte@gmail.com,2022-05-18
7964,1964,brendanascimento@gmail.com,2022-05-19
7965,1965,marialima@gmail.com,2022-05-20
7966,1966,biancasouza@gmail.com,2022-05-21
7967,1967,gabrielarodrigues@gmail.com,2022-05-22
7968,1968,emillyrosa@gmail.com,2022-05-23
7969,1969,sra.lima@gmail.com,2022-05-24
7970,1970,heloísarocha@gmail.com,2022-05-25
7971,1971,emanuellaporto@gmail.com,2022-05-26
7972,1972,anapereira@gmail.com,2022-05-27
7973,1973,srta.campos@gmail.com,2022-05-28
7974,1974,lunaramos@gmail.com,2022-05-29
7975,1975,dra.luz@gmail.com,2022-05-30
7976,1976,mariapinto@gmail.com,2022-05-31
7977,1977,mariarezende@gmail.com,2022-06-01
7978,1978,anaribeiro@gmail.com,2022-06-02
7979,1979,anaviana@gmail.com,2022-06-03
7980,1980,anafarias@gmail.com,2022-06-04
7981,1981,sophiegonçalves@gmail.com,2022-06-05
7982,1982,sra.nogueira@gmail.com,2022-06-06
7983,1983,marcelarocha@gmail.com,2022-06-07
7984,1984,alicecosta@gmail.com,2022-06-08
7985,1985,analuz@gmail.com,2022-06-09
7986,1986,rebecafarias@gmail.com,2022-06-10
7987,1987,dra.novaes@gmail.com,2022-06-11
7988,1988,clariceduarte@gmail.com,2022-06-12
7989,1989,emanuellynunes@gmail.com,2022-06-13
7990,1990,srta.novaes@gmail.com,2022-06-14
7991,1991,marinapereira@gmail.com,2022-06-15
7992,1992,pietrarocha@gmail.com,2022-06-16
7993,1993,bárbaramata@gmail.com,2022-06-17
7994,1994,sarahcardoso@gmail.com,2022-06-18
7995,1995,alicemata@gmail.com,2022-06-19
7996,1996,anacosta@gmail.com,2022-06-20
7997,1997,danielaoliveira@gmail.com,2022-06-21
7998,1998,cecílialima@gmail.com,2022-06-22
7999,1999,anamata@gmail.com,2022-06-23
8000,2000,rebecacarvalho@gmail.com,2022-06-24
8001,1001,isaacribeiro@hotmail.com,2022-06-25
8002,1974,lunaramos@hotmail.com,2022-06-26
8003,1975,dra.luz@hotmail.com,2022-06-27
8004,1976,mariapinto@hotmail.com,2022-06-28
8005,1977,mariarezende@hotmail.com,2022-06-29
8006,1978,anaribeiro@hotmail.com,2022-06-30
8007,1979,anaviana@hotmail.com,2022-07-01
8008,1980,anafarias@hotmail.com,2022-07-02
8009,1981,sophiegonçalves@hotmail.com,2022-07-03
8010,1982,sra.nogueira@hotmail.com,2022-07-04
8011,1983,marcelarocha@hotmail.com,2022-07-05
8012,1984,alicecosta@hotmail.com,2022-07-06
8013,1985,analuz@hotmail.com,2022-07-07
8014,1986,rebecafarias@hotmail.com,2022-07-08
8015,1987,dra.novaes@hotmail.com,2022-07-09
8016,1988,clariceduarte@hotmail.com,2022-07-10
8017,1989,emanuellynunes@hotmail.com,2022-07-11
8018,1990,srta.novaes@hotmail.com,2022-07-12
8019,1991,marinapereira@hotmail.com,2022-07-13
8020,1992,pietrarocha@hotmail.com,2022-07-14
8021,1993,bárbaramata@hotmail.com,2022-07-15
8022,1994,sarahcardoso@hotmail.com,2022-07-16
8023,1995,alicemata@hotmail.com,2022-07-17
8024,1996,anacosta@hotmail.com,2022-07-18
8025,1997,danielaoliveira@hotmail.com,2022-07-19
8026,1998,cecílialima@hotmail.com,2022-07-20
8027,1999,anamata@hotmail.com,2022-07-21
8028,2000,rebecacarvalho@hotmail.com,2022-07-22